[
  {
    "pk": 1, 
    "model": "api.photo", 
    "fields": {
      "deleted": 0, 
      "caption": "Kyltti Amsterdamissa ihastelemassa auringonlaskua Amstelin varrella. Kohta baariin...", 
      "destination": 1, 
      "fn": "hollanti1.jpg"
    }
  }, 
  {
    "pk": 2, 
    "model": "api.photo", 
    "fields": {
      "deleted": 0, 
      "caption": "Punaisten lyhtyjen alueella voi tutustua maan kulttuurin lukuisissa eri museoissa.", 
      "destination": 1, 
      "fn": "hollanti2.jpg"
    }
  }, 
  {
    "pk": 3, 
    "model": "api.photo", 
    "fields": {
      "deleted": 0, 
      "caption": "Kyltti lopetteli rankkaa iltaa rentoutuen paikallisessa kahvilassa.", 
      "destination": 1, 
      "fn": "hollanti3.jpg"
    }
  }, 
  {
    "pk": 4, 
    "model": "api.photo", 
    "fields": {
      "deleted": 0, 
      "caption": "Kyltti kuuli huhuja, ett\u00e4 saksassa on hyv\u00e4\u00e4 olutta. Niinp\u00e4 sit\u00e4 oli maistettava.. PALJON. My\u00f6s matkaseuralainen ymm\u00e4rt\u00e4nee hyv\u00e4n p\u00e4\u00e4lle.", 
      "destination": 2, 
      "fn": "saksa1.jpg"
    }
  }, 
  {
    "pk": 5, 
    "model": "api.photo", 
    "fields": {
      "deleted": 0, 
      "caption": "Kyltti l\u00e4hti Wackenin festareille lep\u00e4ilem\u00e4\u00e4n, mutta t\u00e4ysin yll\u00e4tt\u00e4en se tapasi kaverikyltin ja joutui vet\u00e4m\u00e4\u00e4n pleksit. Ehk\u00e4 niit\u00e4 tyhmi\u00e4 l\u00f6ytyy muualtakin...", 
      "destination": 2, 
      "fn": "saksa2.jpg"
    }
  }, 
  {
    "pk": 6, 
    "model": "api.photo", 
    "fields": {
      "deleted": 0, 
      "caption": "Lep\u00e4\u00e4misen lomassa on otettava joskus torkkujakin. Kyltti otti mallia paikallisesta ammattilaisesta.", 
      "destination": 2, 
      "fn": "saksa3.jpg"
    }
  }, 
  {
    "pk": 7, 
    "model": "api.photo", 
    "fields": {
      "deleted": 0, 
      "caption": "Kun kyltti eksyy turistirannalle, hakeutuu se omiin oloihinsa. Ja vet\u00e4\u00e4 ehk\u00e4 pleksit...", 
      "destination": 3, 
      "fn": "kreikka1.jpg"
    }
  }, 
  {
    "pk": 8, 
    "model": "api.photo", 
    "fields": {
      "deleted": 0, 
      "caption": "Maaseudun rauhassa haluaa kyltti loikoilla mahdollisimman mukavassa paikassa.", 
      "destination": 3, 
      "fn": "kreikka2.jpg"
    }
  }, 
  {
    "pk": 9, 
    "model": "api.photo", 
    "fields": {
      "deleted": 0, 
      "caption": "Kun kyltti l\u00f6yt\u00e4\u00e4 t\u00e4ydellisen rannan, ottaa se siit\u00e4 kaiken irti ja rentoutuu t\u00e4ysin.", 
      "destination": 4, 
      "fn": "indonesia1.jpg"
    }
  }, 
  {
    "pk": 10, 
    "model": "api.photo", 
    "fields": {
      "deleted": 0, 
      "caption": "Taas kyltti matkaseurueineen l\u00f6ysi rauhallisen rannan. Ainakin hetkellisesti rauhallisen...", 
      "destination": 4, 
      "fn": "indonesia2.jpg"
    }
  }, 
  {
    "pk": 11, 
    "model": "api.photo", 
    "fields": {
      "deleted": 0, 
      "caption": "Kyltin mielest\u00e4 ennen rankkaa surf-sessiota on ladattava akkuja riippumatossa. Matkaseuralainen on luultavasti samaa mielt\u00e4.", 
      "destination": 5, 
      "fn": "filippiinit1.jpg"
    }
  }, 
  {
    "pk": 12, 
    "model": "api.photo", 
    "fields": {
      "deleted": 0, 
      "caption": "Kyltti on hehkeimmill\u00e4\u00e4n ilta-auringossa.", 
      "destination": 6, 
      "fn": "kambodzha1.jpg"
    }
  }, 
  {
    "pk": 13, 
    "model": "api.photo", 
    "fields": {
      "deleted": 0, 
      "caption": "Kyltti tekee l\u00e4hemp\u00e4\u00e4 tuttuvuutta paikallisten norsujen kanssa.", 
      "destination": 6, 
      "fn": "kambodzha2.jpg"
    }
  }, 
  {
    "pk": 14, 
    "model": "api.photo", 
    "fields": {
      "deleted": 0, 
      "caption": "Peukku on universaali!", 
      "destination": 6, 
      "fn": "kambodzha3.jpg"
    }
  }, 
  {
    "pk": 15, 
    "model": "api.photo", 
    "fields": {
      "deleted": 0, 
      "caption": "Puhtailla kalsareilla ja pyyhkeell\u00e4 p\u00e4rj\u00e4\u00e4 pitk\u00e4\u00e4n.", 
      "destination": 7, 
      "fn": "myanmar1.jpg"
    }
  }, 
  {
    "pk": 16, 
    "model": "api.photo", 
    "fields": {
      "deleted": 0, 
      "caption": "Linja-autossa onpi tunnelmaa, linja-autossa matka katkeaa. My\u00f6s ulkomailla.", 
      "destination": 7, 
      "fn": "myanmar2.jpg"
    }
  }, 
  {
    "pk": 17, 
    "model": "api.photo", 
    "fields": {
      "deleted": 0, 
      "caption": "Kyltti v\u00e4ijyy kalastajan kaljakoria.", 
      "destination": 7, 
      "fn": "myanmar3.jpg"
    }
  }, 
  {
    "pk": 18, 
    "model": "api.photo", 
    "fields": {
      "deleted": 0, 
      "caption": "J\u00e4lleen kerran kyltti l\u00f6ysi koskemattoman rannan.", 
      "destination": 8, 
      "fn": "vietnam1.jpg"
    }
  }, 
  {
    "pk": 19, 
    "model": "api.photo", 
    "fields": {
      "deleted": 0, 
      "caption": "Kyltti k\u00e4vi pit\u00e4m\u00e4ss\u00e4 puheen paikallisessa parlamenttitalossa.", 
      "destination": 8, 
      "fn": "vietnam2.jpg"
    }
  }, 
  {
    "pk": 20, 
    "model": "api.photo", 
    "fields": {
      "deleted": 0, 
      "caption": "Sin\u00e4 poljet, min\u00e4 ohjaan!", 
      "destination": 8, 
      "fn": "vietnam3.jpg"
    }
  }, 
  {
    "pk": 21, 
    "model": "api.photo", 
    "fields": {
      "deleted": 0, 
      "caption": "Silta EI kaadu.", 
      "destination": 9, 
      "fn": "singapore1.jpg"
    }
  }, 
  {
    "pk": 22, 
    "model": "api.photo", 
    "fields": {
      "deleted": 0, 
      "caption": "Set\u00e4 ei ole mieliss\u00e4\u00e4n.. j\u00e4ik\u00f6 oma kyltti kotiin?", 
      "destination": 9, 
      "fn": "singapore2.jpg"
    }
  }, 
  {
    "pk": 23, 
    "model": "api.photo", 
    "fields": {
      "deleted": 0, 
      "caption": "Kyltti ihailee Salzburgin maisemia", 
      "destination": 10, 
      "fn": "itavalta1.jpg"
    }
  }, 
  {
    "pk": 24, 
    "model": "api.photo", 
    "fields": {
      "deleted": 0, 
      "caption": "Kyll\u00e4 kalamiehelle kyltti kelpaa.", 
      "destination": 5, 
      "fn": "filippiinit2.jpg"
    }
  }, 
  {
    "pk": 25, 
    "model": "api.photo", 
    "fields": {
      "deleted": 0, 
      "caption": "Kyltti ohjaa liikennett\u00e4 Manilan ruuhkassa.", 
      "destination": 5, 
      "fn": "filippiinit3.jpg"
    }
  }, 
  {
    "pk": 26, 
    "model": "api.photo", 
    "fields": {
      "deleted": 0, 
      "caption": "Tuk-Tuk Madness.", 
      "destination": 11, 
      "fn": "thaimaa1.jpg"
    }
  }, 
  {
    "pk": 27, 
    "model": "api.photo", 
    "fields": {
      "deleted": 0, 
      "caption": "Voiko parempaa paikkaa kuvitella tai-jin harjoitteluun?", 
      "destination": 11, 
      "fn": "thaimaa2.jpg"
    }
  }, 
  {
    "pk": 28, 
    "model": "api.photo", 
    "fields": {
      "deleted": 0, 
      "caption": "Mik\u00e4 helvetin r\u00e4pyl\u00e4sukellus?!", 
      "destination": 11, 
      "fn": "thaimaa3.jpg"
    }
  }, 
  {
    "pk": 29, 
    "model": "api.photo", 
    "fields": {
      "deleted": 0, 
      "caption": "Karismaattinen kyltti tulee hyvin toimeen paikallisten liikennevalojen kanssa.", 
      "destination": 12, 
      "fn": "hongkong1.jpg"
    }
  }, 
  {
    "pk": 30, 
    "model": "api.photo", 
    "fields": {
      "deleted": 0, 
      "caption": "Sumuisten vuorten kyltti.", 
      "destination": 12, 
      "fn": "hongkong2.jpg"
    }
  }, 
  {
    "pk": 31, 
    "model": "api.photo", 
    "fields": {
      "deleted": 0, 
      "caption": "Hong Kongissa asuu noin viisi miljardia kyltti\u00e4.", 
      "destination": 12, 
      "fn": "hongkong3.jpg"
    }
  }, 
  {
    "pk": 32, 
    "model": "api.photo", 
    "fields": {
      "deleted": 0, 
      "caption": "Kyltti pit\u00e4\u00e4 juomisesta, maassa kuin maassa.", 
      "destination": 4, 
      "fn": "indonesia3.jpg"
    }
  }, 
  {
    "pk": 33, 
    "model": "api.photo", 
    "fields": {
      "deleted": 0, 
      "caption": "Kelly Hu.. vai onko, pohtii kyltti.", 
      "destination": 13, 
      "fn": "macau1.jpg"
    }
  }, 
  {
    "pk": 34, 
    "model": "api.photo", 
    "fields": {
      "deleted": 0, 
      "caption": "tie", 
      "destination": 13, 
      "fn": "macau2.jpg"
    }
  }, 
  {
    "pk": 35, 
    "model": "api.photo", 
    "fields": {
      "deleted": 0, 
      "caption": "Kyltti etsii James Bondia (miss\u00e4 perhanassa ne kasinot on?!)", 
      "destination": 13, 
      "fn": "macau3.jpg"
    }
  }, 
  {
    "pk": 36, 
    "model": "api.photo", 
    "fields": {
      "deleted": 0, 
      "caption": "Roadtripill\u00e4 kyltti pys\u00e4htyi motellin pihaan ja veti pleksit matkakumppanien seurassa.", 
      "destination": 14, 
      "fn": "yhdysvallat1.jpg"
    }
  }, 
  {
    "pk": 37, 
    "model": "api.photo", 
    "fields": {
      "deleted": 0, 
      "caption": "Etsi kyltti.", 
      "destination": 15, 
      "fn": "viro1.jpg"
    }
  }, 
  {
    "pk": 38, 
    "model": "api.photo", 
    "fields": {
      "deleted": 0, 
      "caption": "Kylttipuu.", 
      "destination": 15, 
      "fn": "viro2.jpg"
    }
  }, 
  {
    "pk": 39, 
    "model": "api.photo", 
    "fields": {
      "deleted": 0, 
      "caption": "Miamissa kyltti kuvasi itse\u00e4\u00e4n mit\u00e4 hienoimmissa asetelmissa, mutta kovan juopottelun takia kamera katosi. Kyltti tekee paluun.", 
      "destination": 14, 
      "fn": "yhdysvallat2.jpg"
    }
  }, 
  {
    "pk": 40, 
    "model": "api.photo", 
    "fields": {
      "deleted": 0, 
      "caption": "Vuoren huipulta voi matkata vain alasp\u00e4in", 
      "destination": 10, 
      "fn": "itavalta2.jpg"
    }
  }, 
  {
    "pk": 41, 
    "model": "api.photo", 
    "fields": {
      "deleted": 0, 
      "caption": "Kyltti viittoilee v\u00e4kijoukosta.", 
      "destination": 16, 
      "fn": "japani1.jpg"
    }
  }, 
  {
    "pk": 42, 
    "model": "api.photo", 
    "fields": {
      "deleted": 0, 
      "caption": "Nuorempi konstaapeli otti kyltin puhutteluun ja totesi ettei Tokiossa pelleill\u00e4.", 
      "destination": 16, 
      "fn": "japani3.jpg"
    }
  }, 
  {
    "pk": 43, 
    "model": "api.photo", 
    "fields": {
      "deleted": 0, 
      "caption": "Kyltti kamppailee huomiosta paikallisen virkaveljens\u00e4 kanssa.", 
      "destination": 16, 
      "fn": "japani2.jpg"
    }
  }, 
  {
    "pk": 44, 
    "model": "api.photo", 
    "fields": {
      "deleted": 0, 
      "caption": "Liechtensteinin mammuttivaltiossa vain linnat ovat miniatyyrikokoa.", 
      "destination": 17, 
      "fn": "liechtenstein1.jpg"
    }
  }, 
  {
    "pk": 45, 
    "model": "api.photo", 
    "fields": {
      "deleted": 0, 
      "caption": "Joskus alppimaissa kylm\u00e4 kylpy tekee hyv\u00e4\u00e4.", 
      "destination": 18, 
      "fn": "sveitsi1.jpg"
    }
  }, 
  {
    "pk": 46, 
    "model": "api.photo", 
    "fields": {
      "deleted": 0, 
      "caption": "Edess\u00e4 armoton laivamatka, m\u00e4\u00e4r\u00e4np\u00e4\u00e4 tuntematon!", 
      "destination": 19, 
      "fn": "tanska1.jpg"
    }
  }, 
  {
    "pk": 47, 
    "model": "api.photo", 
    "fields": {
      "deleted": 0, 
      "caption": "T\u00e4rkeint\u00e4 matkoilla on tehd\u00e4 tuttavuutta paikallisv\u00e4est\u00f6n kanssa.", 
      "destination": 19, 
      "fn": "tanska2.jpg"
    }
  }, 
  {
    "pk": 48, 
    "model": "api.photo", 
    "fields": {
      "deleted": 0, 
      "caption": "Tie on viitoitettu, kyltti tiet\u00e4\u00e4 minne menn\u00e4.", 
      "destination": 19, 
      "fn": "tanska3.jpg"
    }
  }, 
  {
    "pk": 49, 
    "model": "api.photo", 
    "fields": {
      "deleted": 0, 
      "caption": "Kyltin oli opeteltava  nokkak\u00e4rryn k\u00e4ytt\u00f6\u00e4 viinitilalla k\u00e4ydess\u00e4\u00e4n.", 
      "destination": 47, 
      "fn": "ranska1.jpg"
    }
  }, 
  {
    "pk": 50, 
    "model": "api.photo", 
    "fields": {
      "deleted": 0, 
      "caption": "Rivieran auringossa iltapuhteet k\u00e4viv\u00e4t kyltillekkin ty\u00f6l\u00e4iksi.", 
      "destination": 47, 
      "fn": "ranska2.jpg"
    }
  }, 
  {
    "pk": 51, 
    "model": "api.photo", 
    "fields": {
      "deleted": 0, 
      "caption": "Kyltti l\u00f6ysi yst\u00e4v\u00e4ns\u00e4 k\u00e4mp\u00e4n. Illalla bileet.", 
      "destination": 20, 
      "fn": "englanti1.jpg"
    }
  }, 
  {
    "pk": 52, 
    "model": "api.photo", 
    "fields": {
      "deleted": 0, 
      "caption": "Ihmiset l\u00f6ytyiv\u00e4t, en\u00e4\u00e4 puuttuu pubi.", 
      "destination": 20, 
      "fn": "englanti2.jpg"
    }
  }, 
  {
    "pk": 53, 
    "model": "api.photo", 
    "fields": {
      "deleted": 0, 
      "caption": "Katsokaa! Puhelinkoppi!", 
      "destination": 20, 
      "fn": "englanti3.jpg"
    }
  }, 
  {
    "pk": 54, 
    "model": "api.photo", 
    "fields": {
      "deleted": 0, 
      "caption": "Kyltti on hell\u00e4ss\u00e4 huomassa.", 
      "destination": 21, 
      "fn": "espanja1.jpg"
    }
  }, 
  {
    "pk": 55, 
    "model": "api.photo", 
    "fields": {
      "deleted": 0, 
      "caption": "M\u00e4\u00e4r\u00e4np\u00e4\u00e4n\u00e4 ep\u00e4m\u00e4\u00e4r\u00e4inen torni keskell\u00e4 kyl\u00e4\u00e4!", 
      "destination": 21, 
      "fn": "espanja2.jpg"
    }
  }, 
  {
    "pk": 56, 
    "model": "api.photo", 
    "fields": {
      "deleted": 0, 
      "caption": "Kuuluisa artisti konsultoi Kyltilt\u00e4 neuvoja.", 
      "destination": 22, 
      "fn": "puola1.jpg"
    }
  }, 
  {
    "pk": 57, 
    "model": "api.photo", 
    "fields": {
      "deleted": 0, 
      "caption": "Kyltti aivan uusissa olosuhteissa, mit\u00e4 on tuo valkoinen aine?!", 
      "destination": 23, 
      "fn": "norja1.jpg"
    }
  }, 
  {
    "pk": 58, 
    "model": "api.photo", 
    "fields": {
      "deleted": 0, 
      "caption": "Huipulla tuulee. Kyltin asema on kuitenkin vankkumaton.", 
      "destination": 24, 
      "fn": "malesia1.jpg"
    }
  }, 
  {
    "pk": 59, 
    "model": "api.photo", 
    "fields": {
      "deleted": 0, 
      "caption": "N\u00e4in teki my\u00f6s Tarzan, mies joka roikkui liaaneista.", 
      "destination": 24, 
      "fn": "malesia2.jpg"
    }
  }, 
  {
    "pk": 60, 
    "model": "api.photo", 
    "fields": {
      "deleted": 0, 
      "caption": "Kyltti rentoutuu suositulla piknikpaikalla kaksosten viile\u00e4ss\u00e4 varjossa.", 
      "destination": 24, 
      "fn": "malesia3.jpg"
    }
  }, 
  {
    "pk": 61, 
    "model": "api.photo", 
    "fields": {
      "deleted": 0, 
      "caption": "Kyltin takatekstit kiinnostavat. Venetaksin ajolinja on ep\u00e4huomiossa muuttunut ympyr\u00e4ksi.", 
      "destination": 25, 
      "fn": "brunei1.jpg"
    }
  }, 
  {
    "pk": 62, 
    "model": "api.photo", 
    "fields": {
      "deleted": 0, 
      "caption": "Kyltti tutustumassa paikalliseen moskeijaan (neutraali kuvateksti).", 
      "destination": 25, 
      "fn": "brunei2.jpg"
    }
  }, 
  {
    "pk": 63, 
    "model": "api.photo", 
    "fields": {
      "deleted": 0, 
      "caption": "Miss\u00e4 on linjan numero 6 p\u00e4\u00e4tepys\u00e4kki? Kyltti p\u00e4\u00e4tti ottaa asiasta selv\u00e4\u00e4.", 
      "destination": 26, 
      "fn": "latvia1.jpg"
    }
  }, 
  {
    "pk": 64, 
    "model": "api.photo", 
    "fields": {
      "deleted": 0, 
      "caption": "Kyltti v\u00e4ijyy suoraselk\u00e4ist\u00e4 sotilasta  turvallisen v\u00e4limatkan p\u00e4\u00e4st\u00e4.", 
      "destination": 26, 
      "fn": "latvia2.jpg"
    }
  }, 
  {
    "pk": 65, 
    "model": "api.photo", 
    "fields": {
      "deleted": 0, 
      "caption": "Laivue valmiusasemissa. Kyltti piiloutuu oksan taakse.", 
      "destination": 27, 
      "fn": "liettua1.jpg"
    }
  }, 
  {
    "pk": 66, 
    "model": "api.photo", 
    "fields": {
      "deleted": 0, 
      "caption": "Idyllinen maalaismaisema, Kyltti ja eriskummallinen s\u00e4ili\u00f6.", 
      "destination": 27, 
      "fn": "liettua2.jpg"
    }
  }, 
  {
    "pk": 67, 
    "model": "api.photo", 
    "fields": {
      "deleted": 0, 
      "caption": "Kyltti kalpenee rakennuksen rinnalla", 
      "destination": 28, 
      "fn": "slovakia1.jpg"
    }
  }, 
  {
    "pk": 68, 
    "model": "api.photo", 
    "fields": {
      "deleted": 0, 
      "caption": "Kyltti tutustuu Bratislavan urbaaniin l\u00e4hi\u00f6ymp\u00e4rist\u00f6\u00f6n", 
      "destination": 28, 
      "fn": "slovakia2.jpg"
    }
  }, 
  {
    "pk": 69, 
    "model": "api.photo", 
    "fields": {
      "deleted": 0, 
      "caption": "Kyltti kuin kotonaan Trailer Parkissa.", 
      "destination": 14, 
      "fn": "yhdysvallat3.jpg"
    }
  }, 
  {
    "pk": 70, 
    "model": "api.photo", 
    "fields": {
      "deleted": 0, 
      "caption": "Uusi hieno paita p\u00e4\u00e4ll\u00e4 on vaikea olla riemastumatta. Respect!", 
      "destination": 29, 
      "fn": "ghana1.jpg"
    }
  }, 
  {
    "pk": 71, 
    "model": "api.photo", 
    "fields": {
      "deleted": 0, 
      "caption": "Ei ole kahta samanlaista rantaa, mutta aina ne tuntuvat yht\u00e4 hyvilt\u00e4.", 
      "destination": 29, 
      "fn": "ghana2.jpg"
    }
  }, 
  {
    "pk": 72, 
    "model": "api.photo", 
    "fields": {
      "deleted": 0, 
      "caption": "Y\u00f6n kuumat rytmit saavat Kyltinkin hehkumaan.", 
      "destination": 29, 
      "fn": "ghana3.jpg"
    }
  }, 
  {
    "pk": 73, 
    "model": "api.photo", 
    "fields": {
      "deleted": 0, 
      "caption": "Uutis-Extra! Kyltti vierailevana juontajana Lom\u00e9n suosituimman radioaseman p\u00e4\u00e4uutisl\u00e4hetyksess\u00e4. Radio Metropolys 97.1 Mhz!", 
      "destination": 30, 
      "fn": "togo1.jpg"
    }
  }, 
  {
    "pk": 74, 
    "model": "api.photo", 
    "fields": {
      "deleted": 0, 
      "caption": "Torilla tavataan. S\u00e4pin\u00e4\u00e4 ja p\u00e4ivitt\u00e4isten asioiden hoitoa. This is africa!", 
      "destination": 30, 
      "fn": "togo2.jpg"
    }
  }, 
  {
    "pk": 75, 
    "model": "api.photo", 
    "fields": {
      "deleted": 0, 
      "caption": "Syv\u00e4ll\u00e4 viidakossa kyl\u00e4n poppamies raapusti terveisens\u00e4 Kylttiin ja toivotti menestyst\u00e4.", 
      "destination": 30, 
      "fn": "togo3.jpg"
    }
  }, 
  {
    "pk": 76, 
    "model": "api.photo", 
    "fields": {
      "deleted": 0, 
      "caption": "Musti selvitti ensimm\u00e4isen rivin ongelmitta, mutta toista rivi\u00e4 joutui jo tavaamaan pidemp\u00e4\u00e4n. Edes afrikkalaiset eiv\u00e4t tunne a:ta ympyr\u00e4ll\u00e4.", 
      "destination": 31, 
      "fn": "benin1.jpg"
    }
  }, 
  {
    "pk": 77, 
    "model": "api.photo", 
    "fields": {
      "deleted": 0, 
      "caption": "Kyltti haluaa tukea kulttuuria maassa kuin maassa - jopa suomalaista. Kiitos ja kumarrus vieraanvaraisuudesta!", 
      "destination": 31, 
      "fn": "benin2.jpg"
    }
  }, 
  {
    "pk": 78, 
    "model": "api.photo", 
    "fields": {
      "deleted": 0, 
      "caption": "Kyltti yritti tehd\u00e4 tuttavuutta savannin is\u00e4nn\u00e4n kanssa. Is\u00e4nt\u00e4\u00e4 ei kiinnosta.", 
      "destination": 31, 
      "fn": "benin3.jpg"
    }
  }, 
  {
    "pk": 79, 
    "model": "api.photo", 
    "fields": {
      "deleted": 0, 
      "caption": "Kun elohopea l\u00e4hentelee viitt\u00e4kymment\u00e4 astetta, Kylttikin haikailee savimajan viilent\u00e4v\u00e4\u00e4n suojaan.", 
      "destination": 32, 
      "fn": "burkinafaso1.jpg"
    }
  }, 
  {
    "pk": 80, 
    "model": "api.photo", 
    "fields": {
      "deleted": 0, 
      "caption": "V\u00e4h\u00e4n on ahdasta, mutta maassa maan tavalla.", 
      "destination": 32, 
      "fn": "burkinafaso2.jpg"
    }
  }, 
  {
    "pk": 81, 
    "model": "api.photo", 
    "fields": {
      "deleted": 0, 
      "caption": "\u00a1Viva la signo!", 
      "destination": 33, 
      "fn": "cuba2.jpg"
    }
  }, 
  {
    "pk": 82, 
    "model": "api.photo", 
    "fields": {
      "deleted": 0, 
      "caption": "Jeesus saattaa pelastaa, Kyltti ei.", 
      "destination": 34, 
      "fn": "meksiko1.jpg"
    }
  }, 
  {
    "pk": 83, 
    "model": "api.photo", 
    "fields": {
      "deleted": 0, 
      "caption": "Varoitus, portaat liukkaat talvella.", 
      "destination": 34, 
      "fn": "meksiko2.jpg"
    }
  }, 
  {
    "pk": 84, 
    "model": "api.photo", 
    "fields": {
      "deleted": 0, 
      "caption": "Kyltti pakeni polttavaa hellett\u00e4 viile\u00e4\u00e4n vuoristoilmaan.", 
      "destination": 35, 
      "fn": "srilanka3.jpg"
    }
  }, 
  {
    "pk": 85, 
    "model": "api.photo", 
    "fields": {
      "deleted": 0, 
      "caption": "Pienen suostuttelun j\u00e4lkeen Kyltti p\u00e4\u00e4si tutustumaan SSV:n joukkoihin.", 
      "destination": 35, 
      "fn": "srilanka2.jpg"
    }
  }, 
  {
    "pk": 86, 
    "model": "api.photo", 
    "fields": {
      "deleted": 0, 
      "caption": "Junassa oli niin turkasen kuuma, ett\u00e4 pikku Sanjay katsoi parhaaksi tuulettaa kyltti\u00e4 ikkunasta.", 
      "destination": 35, 
      "fn": "srilanka1.jpg"
    }
  }, 
  {
    "pk": 87, 
    "model": "api.photo", 
    "fields": {
      "deleted": 0, 
      "caption": "Kyltti viihtyy kun viini virtaa.", 
      "destination": 36, 
      "fn": "moldova1.jpg"
    }
  }, 
  {
    "pk": 88, 
    "model": "api.photo", 
    "fields": {
      "deleted": 0, 
      "caption": "Eisenstein, de Palma ja Kyltti.", 
      "destination": 37, 
      "fn": "ukraina1.jpg"
    }
  }, 
  {
    "pk": 89, 
    "model": "api.photo", 
    "fields": {
      "deleted": 0, 
      "caption": "Tarvittaessa Kyltti sulautuu huomaamatta Kuuban rekisterikilpij\u00e4rjestelm\u00e4\u00e4n.", 
      "destination": 33, 
      "fn": "cuba1.jpg"
    }
  }, 
  {
    "pk": 90, 
    "model": "api.photo", 
    "fields": {
      "deleted": 0, 
      "caption": "Kyltti on kyps\u00e4 poimittavaksi.", 
      "destination": 38, 
      "fn": "portugali2.jpg"
    }
  }, 
  {
    "pk": 91, 
    "model": "api.photo", 
    "fields": {
      "deleted": 0, 
      "caption": "Kyltti meinasi suorittaa kalliohypyn mutta j\u00e4nisti viime hetkell\u00e4.", 
      "destination": 38, 
      "fn": "portugali1.jpg"
    }
  }, 
  {
    "pk": 92, 
    "model": "api.photo", 
    "fields": {
      "deleted": 0, 
      "caption": "Kyltti pohtii tunnustaako Transnistrian itsen\u00e4inen tasavalta ja liitty\u00e4 Abhasian ja Etel\u00e4-Ossetian harvalukuiseen joukkoon?", 
      "destination": 36, 
      "fn": "moldova2.jpg"
    }
  }, 
  {
    "pk": 93, 
    "model": "api.photo", 
    "fields": {
      "deleted": 0, 
      "caption": "Maassa maan tavalla.", 
      "destination": 39, 
      "fn": "kolumbia1.jpg"
    }
  }, 
  {
    "pk": 94, 
    "model": "api.photo", 
    "fields": {
      "deleted": 0, 
      "caption": "Vodkatta Kylttikin ihmettelee.", 
      "destination": 40, 
      "fn": "venaja1.jpg"
    }
  }, 
  {
    "pk": 95, 
    "model": "api.photo", 
    "fields": {
      "deleted": 0, 
      "caption": ".", 
      "destination": 41, 
      "fn": "venezuela1.jpg"
    }
  }, 
  {
    "pk": 96, 
    "model": "api.photo", 
    "fields": {
      "deleted": 0, 
      "caption": ".", 
      "destination": 42, 
      "fn": "gibraltar1.jpg"
    }
  }, 
  {
    "pk": 97, 
    "model": "api.photo", 
    "fields": {
      "deleted": 0, 
      "caption": ".", 
      "destination": 43, 
      "fn": "egypti1.jpg"
    }
  }, 
  {
    "pk": 98, 
    "model": "api.photo", 
    "fields": {
      "deleted": 0, 
      "caption": ".", 
      "destination": 44, 
      "fn": "kristiania1.jpg"
    }
  }, 
  {
    "pk": 99, 
    "model": "api.photo", 
    "fields": {
      "deleted": 0, 
      "caption": ".", 
      "destination": 45, 
      "fn": "italia1.jpg"
    }
  }, 
  {
    "pk": 100, 
    "model": "api.photo", 
    "fields": {
      "deleted": 0, 
      "caption": ".", 
      "destination": 46, 
      "fn": "marokko1.jpg"
    }
  }, 
  {
    "pk": 1, 
    "model": "api.destination", 
    "fields": {
      "iso3": "0", 
      "name": "Hollanti", 
      "slug": "hollanti"
    }
  }, 
  {
    "pk": 2, 
    "model": "api.destination", 
    "fields": {
      "iso3": "0", 
      "name": "Saksa", 
      "slug": "saksa"
    }
  }, 
  {
    "pk": 3, 
    "model": "api.destination", 
    "fields": {
      "iso3": "0", 
      "name": "Kreikka", 
      "slug": "kreikka"
    }
  }, 
  {
    "pk": 4, 
    "model": "api.destination", 
    "fields": {
      "iso3": "0", 
      "name": "Indonesia", 
      "slug": "indonesia"
    }
  }, 
  {
    "pk": 5, 
    "model": "api.destination", 
    "fields": {
      "iso3": "0", 
      "name": "Filippiinit", 
      "slug": "filippiinit"
    }
  }, 
  {
    "pk": 6, 
    "model": "api.destination", 
    "fields": {
      "iso3": "0", 
      "name": "Kambodzha", 
      "slug": "kambodzha"
    }
  }, 
  {
    "pk": 7, 
    "model": "api.destination", 
    "fields": {
      "iso3": "0", 
      "name": "Myanmar", 
      "slug": "myanmar"
    }
  }, 
  {
    "pk": 8, 
    "model": "api.destination", 
    "fields": {
      "iso3": "0", 
      "name": "Vietnam", 
      "slug": "vietnam"
    }
  }, 
  {
    "pk": 9, 
    "model": "api.destination", 
    "fields": {
      "iso3": "0", 
      "name": "Singapore", 
      "slug": "singapore"
    }
  }, 
  {
    "pk": 10, 
    "model": "api.destination", 
    "fields": {
      "iso3": "0", 
      "name": "It\u00e4valta", 
      "slug": "itavalta"
    }
  }, 
  {
    "pk": 11, 
    "model": "api.destination", 
    "fields": {
      "iso3": "0", 
      "name": "Thaimaa", 
      "slug": "thaimaa"
    }
  }, 
  {
    "pk": 12, 
    "model": "api.destination", 
    "fields": {
      "iso3": "0", 
      "name": "Hong Kong", 
      "slug": "hong-kong"
    }
  }, 
  {
    "pk": 13, 
    "model": "api.destination", 
    "fields": {
      "iso3": "0", 
      "name": "Macau", 
      "slug": "macau"
    }
  }, 
  {
    "pk": 14, 
    "model": "api.destination", 
    "fields": {
      "iso3": "0", 
      "name": "Yhdysvallat", 
      "slug": "yhdysvallat"
    }
  }, 
  {
    "pk": 15, 
    "model": "api.destination", 
    "fields": {
      "iso3": "0", 
      "name": "Viro", 
      "slug": "viro"
    }
  }, 
  {
    "pk": 16, 
    "model": "api.destination", 
    "fields": {
      "iso3": "0", 
      "name": "Japani", 
      "slug": "japani"
    }
  }, 
  {
    "pk": 17, 
    "model": "api.destination", 
    "fields": {
      "iso3": "0", 
      "name": "Liechtenstein", 
      "slug": "liechtenstein"
    }
  }, 
  {
    "pk": 18, 
    "model": "api.destination", 
    "fields": {
      "iso3": "0", 
      "name": "Sveitsi", 
      "slug": "sveitsi"
    }
  }, 
  {
    "pk": 19, 
    "model": "api.destination", 
    "fields": {
      "iso3": "0", 
      "name": "Tanska", 
      "slug": "tanska"
    }
  }, 
  {
    "pk": 20, 
    "model": "api.destination", 
    "fields": {
      "iso3": "0", 
      "name": "Englanti", 
      "slug": "englanti"
    }
  }, 
  {
    "pk": 21, 
    "model": "api.destination", 
    "fields": {
      "iso3": "0", 
      "name": "Espanja", 
      "slug": "espanja"
    }
  }, 
  {
    "pk": 22, 
    "model": "api.destination", 
    "fields": {
      "iso3": "0", 
      "name": "Puola", 
      "slug": "puola"
    }
  }, 
  {
    "pk": 23, 
    "model": "api.destination", 
    "fields": {
      "iso3": "NOR", 
      "name": "Norja", 
      "slug": "norja"
    }
  }, 
  {
    "pk": 24, 
    "model": "api.destination", 
    "fields": {
      "iso3": "MYS", 
      "name": "Malesia", 
      "slug": "malesia"
    }
  }, 
  {
    "pk": 25, 
    "model": "api.destination", 
    "fields": {
      "iso3": "BRN", 
      "name": "Brunei", 
      "slug": "brunei"
    }
  }, 
  {
    "pk": 26, 
    "model": "api.destination", 
    "fields": {
      "iso3": "LVA", 
      "name": "Latvia", 
      "slug": "latvia"
    }
  }, 
  {
    "pk": 27, 
    "model": "api.destination", 
    "fields": {
      "iso3": "LTU", 
      "name": "Liettua", 
      "slug": "liettua"
    }
  }, 
  {
    "pk": 28, 
    "model": "api.destination", 
    "fields": {
      "iso3": "SVK", 
      "name": "Slovakia", 
      "slug": "slovakia"
    }
  }, 
  {
    "pk": 29, 
    "model": "api.destination", 
    "fields": {
      "iso3": "GHA", 
      "name": "Ghana", 
      "slug": "ghana"
    }
  }, 
  {
    "pk": 30, 
    "model": "api.destination", 
    "fields": {
      "iso3": "TGO", 
      "name": "Togo", 
      "slug": "togo"
    }
  }, 
  {
    "pk": 31, 
    "model": "api.destination", 
    "fields": {
      "iso3": "BEN", 
      "name": "Benin", 
      "slug": "benin"
    }
  }, 
  {
    "pk": 32, 
    "model": "api.destination", 
    "fields": {
      "iso3": "BFA", 
      "name": "Burkina Faso", 
      "slug": "burkina-faso"
    }
  }, 
  {
    "pk": 33, 
    "model": "api.destination", 
    "fields": {
      "iso3": "CUB", 
      "name": "Kuuba", 
      "slug": "kuuba"
    }
  }, 
  {
    "pk": 34, 
    "model": "api.destination", 
    "fields": {
      "iso3": "MEX", 
      "name": "Meksiko", 
      "slug": "meksiko"
    }
  }, 
  {
    "pk": 35, 
    "model": "api.destination", 
    "fields": {
      "iso3": "LKA", 
      "name": "Sri Lanka", 
      "slug": "sri-lanka"
    }
  }, 
  {
    "pk": 36, 
    "model": "api.destination", 
    "fields": {
      "iso3": "MDA", 
      "name": "Moldova", 
      "slug": "moldova"
    }
  }, 
  {
    "pk": 37, 
    "model": "api.destination", 
    "fields": {
      "iso3": "UKR", 
      "name": "Ukraina", 
      "slug": "ukraina"
    }
  }, 
  {
    "pk": 38, 
    "model": "api.destination", 
    "fields": {
      "iso3": "PRT", 
      "name": "Portugali", 
      "slug": "portugali"
    }
  }, 
  {
    "pk": 39, 
    "model": "api.destination", 
    "fields": {
      "iso3": "COL", 
      "name": "Kolumbia", 
      "slug": "kolumbia"
    }
  }, 
  {
    "pk": 40, 
    "model": "api.destination", 
    "fields": {
      "iso3": "RUS", 
      "name": "Ven\u00e4j\u00e4", 
      "slug": "venaja"
    }
  }, 
  {
    "pk": 41, 
    "model": "api.destination", 
    "fields": {
      "iso3": "VEN", 
      "name": "Venezuela", 
      "slug": "venezuela"
    }
  }, 
  {
    "pk": 42, 
    "model": "api.destination", 
    "fields": {
      "iso3": "GIB", 
      "name": "Gibraltar", 
      "slug": "gibraltar"
    }
  }, 
  {
    "pk": 43, 
    "model": "api.destination", 
    "fields": {
      "iso3": "EGY", 
      "name": "Egypti", 
      "slug": "egypti"
    }
  }, 
  {
    "pk": 44, 
    "model": "api.destination", 
    "fields": {
      "iso3": "0", 
      "name": "Kristiania", 
      "slug": "kristiania"
    }
  }, 
  {
    "pk": 45, 
    "model": "api.destination", 
    "fields": {
      "iso3": "ITA", 
      "name": "Italia", 
      "slug": "italia"
    }
  }, 
  {
    "pk": 46, 
    "model": "api.destination", 
    "fields": {
      "iso3": "MAR", 
      "name": "Marokko", 
      "slug": "marokko"
    }
  }, 
  {
    "pk": 47, 
    "model": "api.destination", 
    "fields": {
      "iso3": "FRA", 
      "name": "Ranska", 
      "slug": "ranska"
    }
  }, 
  {
    "pk": 1, 
    "model": "api.gossip", 
    "fields": {
      "body": "\"Crappy pics from epic places\"-n\u00e4yttelyn avajaiset soittojuottola Ompussa 11.12.2011 klo 20 alkaen, Siltasaarenkatu 15. Tervetuloa! N\u00e4yttely jatkuu koko joulukuun, joten jos ette sunnuntaina p\u00e4\u00e4se paikalle on teill\u00e4 koko loppukuu aikaa! Tarjolla boolia ja viihtyvyyden takaa dj Tixa.", 
      "date": "2011-12-12 00:00:00", 
      "priority": 0, 
      "title": "Kyltti.com ylpe\u00e4n\u00e4 esitt\u00e4\u00e4: \"Crappy pics from epic places\"-n\u00e4yttely"
    }
  }, 
  {
    "pk": 2, 
    "model": "api.gossip", 
    "fields": {
      "body": "Pimi\u00f6st\u00e4 l\u00f6ytyi kasa uusia kuvia. Tsekkaa esimerkiksi V\u00e4li-Amerikan Kuuba ja Meksiko, Euroopan Portugali, Moldova ja Ukraina sek\u00e4 Aasian Sri Lanka.", 
      "date": "2011-01-01 00:00:00", 
      "priority": 0, 
      "title": "Pari kuvaa, pari maata, kolme mannerta. Kyltin seikkaulut jatkuvat."
    }
  }, 
  {
    "pk": 3, 
    "model": "api.gossip", 
    "fields": {
      "body": "Kyltin kunniakas L\u00e4nsi-Afrikan kierros on ohi. Uusia kuvia muun muassa Ghanasta, Togosta, Beninist\u00e4 ja Burkina Fasosta. Nauttikaa, niin mekin teimme!", 
      "date": "2008-04-04 00:00:00", 
      "priority": 0, 
      "title": "This is Africa!"
    }
  }, 
  {
    "pk": 4, 
    "model": "api.gossip", 
    "fields": {
      "body": "Arkistojen helmi\u00e4 Thaimaasta ja Ameriikan Yhdysvalloista.", 
      "date": "2007-05-05 00:00:00", 
      "priority": 0, 
      "title": "Kes\u00e4n kunniaksi!"
    }
  }, 
  {
    "pk": 5, 
    "model": "api.gossip", 
    "fields": {
      "body": "Kyltti piipahti Slovakiassa ihailemassa paikallisia.. n\u00e4ht\u00e4vyyksi\u00e4.", 
      "date": "2007-01-01 00:00:00", 
      "priority": 0, 
      "title": "Slovakia kartoitettu"
    }
  }, 
  {
    "pk": 6, 
    "model": "api.gossip", 
    "fields": {
      "body": "Baltian kartoitus hyv\u00e4ll\u00e4 mallilla, Kyltti vietti kuumaa hellekes\u00e4\u00e4 Liettuassa.", 
      "date": "2006-07-07 00:00:00", 
      "priority": 0, 
      "title": "Kyltti Liettuassa"
    }
  }, 
  {
    "pk": 7, 
    "model": "api.gossip", 
    "fields": {
      "body": "Baltian kartoitus jatkuu. Kyltti aloitti kes\u00e4matkailun turvallisesti It\u00e4meren toiselta puolelta - Latviasta.", 
      "date": "2006-06-06 00:00:00", 
      "priority": 0, 
      "title": "Latvia saavutettu"
    }
  }, 
  {
    "pk": 8, 
    "model": "api.gossip", 
    "fields": {
      "body": "Ensimm\u00e4inen tapahtumarikas vuosi Kyltti.comin historiassa on nyt takanap\u00e4in. Kyltti.com jatkaa seuraavaan vuoteen entist\u00e4kin energisemmin. Suuri kiitos kaikille k\u00e4vij\u00f6ille ja kommentoijille!", 
      "date": "2006-03-03 00:00:00", 
      "priority": 0, 
      "title": "Kyltti.com t\u00e4ytti vuoden!"
    }
  }, 
  {
    "pk": 9, 
    "model": "api.gossip", 
    "fields": {
      "body": "Kodin Kuvalehti valitsi Kyltti.comin yhdeksi Suomen kiinnostavimmista matkailuaiheisista sivustoista. Lue juttu t\u00e4\u00e4lt\u00e4.", 
      "date": "2006-02-02 00:00:00", 
      "priority": 0, 
      "title": "Kyltti j\u00e4lleen median valokeilassa!"
    }
  }, 
  {
    "pk": 10, 
    "model": "api.gossip", 
    "fields": {
      "body": "Kyltti pakeni paukkupakkasia p\u00e4iv\u00e4ntasaajan tuntumaan. Uusina kohteina valloitettiin Malesia ja Negara Brunei Darussalam.", 
      "date": "2006-02-02 00:00:00", 
      "priority": 0, 
      "title": "Malesia & Brunei"
    }
  }, 
  {
    "pk": 11, 
    "model": "api.gossip", 
    "fields": {
      "body": "Innokkaimmat ehk\u00e4 bongaavat kaksi uutta kohdetta. Niille jotka eiv\u00e4t niit\u00e4 huomaa, vihjeen\u00e4 Norja ja Puola.", 
      "date": "2005-12-12 00:00:00", 
      "priority": 0, 
      "title": "Pari uutta kuvaa"
    }
  }, 
  {
    "pk": 12, 
    "model": "api.gossip", 
    "fields": {
      "body": "Kyltti.com p\u00e4ivitetty. \"Matkaan\"-osastolta l\u00f6ytyy esittely t\u00e4rkeimmist\u00e4 tarvikkeista matkalla. Esittelyss\u00e4 my\u00f6s paljon toivottu Kyltin takapuoli. Palautesivua on my\u00f6s hieman uudistettu.", 
      "date": "2005-11-11 00:00:00", 
      "priority": 0, 
      "title": "Uusi v\u00e4lilehti yl\u00e4palkissa"
    }
  }, 
  {
    "pk": 13, 
    "model": "api.gossip", 
    "fields": {
      "body": "Kaupunkilehti Vartti julkaisi kyltist\u00e4 tarinan. Lue juttu t\u00e4\u00e4lt\u00e4.", 
      "date": "2005-10-10 00:00:00", 
      "priority": 0, 
      "title": "Kyltti ylitti uutiskynnyksen!"
    }
  }, 
  {
    "pk": 14, 
    "model": "api.gossip", 
    "fields": {
      "body": "Nyt saat kolme suosituinta kuvaa n\u00e4kyviin yl\u00e4palkin top3-valikosta. Kuvat on asetettu paremmuusj\u00e4rjestykseen kommenttien m\u00e4\u00e4r\u00e4n perusteella.", 
      "date": "2005-10-10 00:00:00", 
      "priority": 0, 
      "title": "Top3 listaus lis\u00e4tty."
    }
  }, 
  {
    "pk": 15, 
    "model": "api.gossip", 
    "fields": {
      "body": "Espanjan kuvat tulivat pimi\u00f6st\u00e4! Katso t\u00e4nne.", 
      "date": "2005-10-10 00:00:00", 
      "priority": 0, 
      "title": "Kyltti Epsanjassa."
    }
  }, 
  {
    "pk": 16, 
    "model": "api.gossip", 
    "fields": {
      "body": "Eli Englanti valloitettu. Ps. T\u00e4ss\u00e4 yhteydess\u00e4 pubi EI tarkoita Bjor-Erik Walleniusta.", 
      "date": "2005-10-10 00:00:00", 
      "priority": 0, 
      "title": "Kyltti piipahti pubien synnyinmaassa."
    }
  }, 
  {
    "pk": 17, 
    "model": "api.gossip", 
    "fields": {
      "body": "Katso Liechtenstein, Ranska, Sveitsi ja Tanska!", 
      "date": "2005-08-08 00:00:00", 
      "priority": 0, 
      "title": "Euroopankiertue valmis!"
    }
  }, 
  {
    "pk": 18, 
    "model": "api.gossip", 
    "fields": {
      "body": "Vilkaise Japanin valloitusta", 
      "date": "2005-06-06 00:00:00", 
      "priority": 0, 
      "title": "Arigato Kyltti-san"
    }
  }, 
  {
    "pk": 19, 
    "model": "api.gossip", 
    "fields": {
      "body": "Katso uudet  [kuvat](/#photos/itavalta/ \"It\u00e4valta\")!", 
      "date": "2005-03-03 00:00:00", 
      "priority": 0, 
      "title": "Kyltti palasi It\u00e4vallasta"
    }
  }, 
  {
    "pk": 20, 
    "model": "api.gossip", 
    "fields": {
      "body": "Kyltti l\u00e4htee tarkistamaan onko It\u00e4vallassa jo kev\u00e4t.", 
      "date": "2005-03-03 00:00:00", 
      "priority": 0, 
      "title": "Kyltti It\u00e4valtaan"
    }
  }, 
  {
    "pk": 21, 
    "model": "api.gossip", 
    "fields": {
      "body": "Avajaiset takana ja henki sen mukainen! T\u00e4ydellist\u00e4!", 
      "date": "2005-03-03 00:00:00", 
      "priority": 0, 
      "title": "The day after"
    }
  }, 
  {
    "pk": 22, 
    "model": "api.gossip", 
    "fields": {
      "body": "Viimeinkin sivusto online! PAM!", 
      "date": "2005-03-03 00:00:00", 
      "priority": 0, 
      "title": "Kyltti.com avajaiset!"
    }
  }
]